Data de Vencimento, Data de Pagamento, Valor, DescriÃ§Ã£o, SituaÃ§Ã£o
2024-05-01,,10.00,Teste 1,Pendente
2024-05-02,,10.00,Teste 1,Pendente
2024-05-03,,10.00,Teste 1,Pendente
2024-05-04,,10.00,Teste 1,Pendente
2024-05-05,,10.00,Teste 1,Pendente
2024-05-06,,10.00,Teste 1,Pendente
2024-05-07,,10.00,Teste 1,Pendente
2024-05-08,,10.00,Teste 1,Pendente
2024-05-09,,10.00,Teste 1,Pendente
2024-05-10,,10.00,Teste 1,Pendente
2024-05-11,,10.00,Teste 1,Pendente
2024-05-12,,10.00,Teste 1,Pendente
2024-05-13,,10.00,Teste 1,Pendente
2024-05-14,,10.00,Teste 1,Pendente
2024-05-15,,10.00,Teste 1,Pendente
2024-05-16,,10.00,Teste 1,Pendente
2024-05-17,,10.00,Teste 1,Pendente
2024-05-18,,10.00,Teste 1,Pendente
2024-05-19,,10.00,Teste 1,Pendente
2024-05-20,,10.00,Teste 1,Pendente
2024-05-21,,10.00,Teste 1,Pendente
2024-05-22,,10.00,Teste 1,Pendente
2024-05-23,,10.00,Teste 1,Pendente
2024-05-24,,10.00,Teste 1,Pendente
2024-05-25,,10.00,Teste 1,Pendente
2024-05-26,,10.00,Teste 1,Pendente
2024-05-27,,10.00,Teste 1,Pendente
2024-05-28,,10.00,Teste 1,Pendente
2024-05-29,,10.00,Teste 1,Pendente
2024-05-30,,10.00,Teste 1,Pendente
2024-05-31,,10.00,Teste 1,Pendente
2024-05-01,,10.00,Teste 1,Pendente
2024-05-02,,10.00,Teste 1,Pendente
2024-05-03,,10.00,Teste 1,Pendente
2024-05-04,,10.00,Teste 1,Pendente
2024-05-05,,10.00,Teste 1,Pendente
2024-05-06,,10.00,Teste 1,Pendente
2024-05-07,,10.00,Teste 1,Pendente
2024-05-08,,10.00,Teste 1,Pendente
2024-05-09,,10.00,Teste 1,Pendente
2024-05-10,,10.00,Teste 1,Pendente
2024-05-11,,10.00,Teste 1,Pendente
2024-05-12,,10.00,Teste 1,Pendente
2024-05-13,,10.00,Teste 1,Pendente
2024-05-14,,10.00,Teste 1,Pendente
2024-05-15,,10.00,Teste 1,Pendente
2024-05-16,,10.00,Teste 1,Pendente
2024-05-17,,10.00,Teste 1,Pendente
2024-05-18,,10.00,Teste 1,Pendente
2024-05-19,,10.00,Teste 1,Pendente
